ID Cliente,Nome,Email,Cidade
1,Sophia Pacheco,isaque42@example.org,Sampaio Alegre
2,Arthur Jesus,da-costamaria-flor@example.com,Sales Verde
3,Bianca Freitas,alexiagarcia@example.org,Azevedo
4,João Barros,isisdias@example.org,Moreira de Goiás
5,Otto Cunha,guerrasabrina@example.net,Ramos do Campo
6,Maitê Vieira,kmontenegro@example.org,Câmara
7,Thales Almeida,emachado@example.org,Silva
8,Natália Porto,gabriellyfarias@example.org,Sales de Dias
9,Breno Martins,pietro42@example.org,Ferreira das Pedras
10,Ana Clara da Rocha,manuellada-cunha@example.net,Gonçalves
11,Laís Aparecida,joaquimrodrigues@example.org,Albuquerque da Serra
12,Zoe Almeida,luiz-henrique28@example.net,Montenegro
13,Ágatha Albuquerque,carolinanogueira@example.net,Nogueira
14,Vitória Sales,francisco70@example.net,Nogueira
15,Ana Lívia Guerra,bruno42@example.org,Cunha
16,Bento da Cruz,arthur-gabrieldias@example.org,Guerra Alegre
17,Breno Pereira,mgomes@example.net,Viana
18,Yago da Rocha,novaisluara@example.com,Nascimento
19,João Guilherme Correia,da-rosathiago@example.com,Monteiro dos Dourados
20,Srta. Maria Luísa Brito,renan71@example.org,Freitas de Vieira
21,Rafaela Santos,saleskamilly@example.org,Ferreira de da Cunha
22,Ana Lívia Dias,yasmin43@example.org,Pereira
23,Maria Helena Rodrigues,vda-conceicao@example.org,Pires da Serra
24,Benício Aragão,cirinomaria@example.net,Monteiro Paulista
25,Oliver Correia,prios@example.net,Costela
26,Guilherme Nogueira,marquesleo@example.com,Martins do Galho
27,Dr. Dom da Cunha,vargastheo@example.net,Almeida
28,Dr. Marcelo da Cunha,jfernandes@example.org,Sales da Serra
29,Dra. Maria Luiza Costela,josuenascimento@example.net,Melo
30,Sr. Ian Pimenta,limamaya@example.org,Correia de Novais
31,Maria Flor Campos,andre73@example.com,Pimenta
32,Elisa Rodrigues,maria-vitoriagomes@example.org,Nogueira
33,Stella da Rocha,apereira@example.com,Silveira
34,Sophie Macedo,benjamimviana@example.org,Siqueira
35,Henry Gabriel Marques,qguerra@example.org,Mendes Grande
36,Mariah Pacheco,casa-grandepedro-miguel@example.com,Rodrigues
37,Dr. Ravy da Cunha,samaria-vitoria@example.net,Campos de Melo
38,Maysa Santos,rhavi91@example.com,Sá
39,Joaquim Barros,fonsecamanuela@example.com,Cardoso
40,Gustavo da Luz,aragaobenicio@example.net,Carvalho de Abreu
41,Anna Liz Borges,ana-livia13@example.com,Montenegro
42,Cecília Aragão,xcirino@example.com,da Luz de Castro
43,Marina Lima,sousadante@example.org,Martins
44,Arthur Gabriel Rios,luiz-gustavo84@example.net,Caldeira de Lopes
45,Helena Sousa,clariceviana@example.com,da Luz de da Mota
46,Gabriela Freitas,marcelo91@example.net,Cassiano
47,João Felipe Sá,luiz-felipe24@example.net,da Cruz do Oeste
48,Bianca Lopes,lpimenta@example.net,da Conceição
49,Guilherme Gomes,zmoreira@example.org,Pinto Paulista
50,Davi Lucca Machado,nogueiradanilo@example.org,da Cruz de Aragão
